Workbook

Sheet Expenses
B2: Region | C2: FTE Count | D2: Cost per FTE ($) | E2: Total ($) | F2: Notes
B3: Brilio | C3: 21 | D3: 44000 | E3: =C3*D3 -> 924000 | F3: Replace with actual rates
B4: TechM | C4: 10 | D4: 44000 | E4: =C4*D4 -> 440000 | F4: Replace with actual rates
B5: Bulgaria (UK Company) | C5: 9 | D5: 83000 | E5: =C5*D5 -> 747000 | F5: Replace with actual rates
B6: OSF | C6: 5 | D6: 113000 | E6: =C6*D6 -> 565000 | F6: Replace with actual rates
B7: Internal US | C7: 12 | D7: 196000 | E7: =C7*D7 -> 2352000 | F7: Replace with actual rates
B9: Total Engineering Cost | E9: =SUM(E3:E7) -> 5028000

Sheet Investment
B2: Category | C2: Annual Recurring ($) | D2: One-time ($) | E2: Notes
B3: Flow Metrics Tool (Nave/AA) | C3: =400*12 -> 4800 | D3: 0 | E3: $400/month
B4: Rovo Dev Licenses (55 seats) | C4: =55*20*12 -> 13200 | D4: 0 | E4: 55×$20×12
B5: DORA Metrics Tool | C5: =1000*12 -> 12000 | D5: 0 | E5: $1000/month
B6: Change Mgmt & Training | C6: 0 | D6: 100000 | E6: One-time
B7: Implementation & Integration | C7: 0 | D7: 150000 | E7: One-time
B9: Total costs | C9: =SUM(C3:C7) -> 30000 | D9: =SUM(D3:D7) -> 250000

Sheet ROI Model
B2: Category | C2: Low ($) | D2: High ($) | E2: Notes | F2: Resources | G2: Resources | H2: Resources | I2: Resources
B3: Total Engineering Cost (ref) | C3: =Expenses!$E$9 -> 5028000 | D3: =Expenses!$E$9 -> 5028000
B4: Flow: Cycle Time Reduction | C4: =3%*Expenses!$E$9 -> 150840 | D4: =10%*Expenses!$E$9 -> 502800 | E4: 3–10% uplift | F4: https://businessmap.io/wp-content/uploads/downloads/Ultimate_Kanban_Scaling%20Agile_without_Frameworks.pdf | G4: https://services.google.com/fh/files/misc/2024_final_dora_report.pdf
B5: Flow: Planning Accuracy | C5: =1%*Expenses!$E$9 -> 50280 | D5: =2%*Expenses!$E$9 -> 100560 | E5: 1–2% uplift | F5: https://atlassianblog.wpengine.com/wp-content/uploads/2025/03/the-state-of-teams-2025.pdf | G5: https://www.pmi.org/-/media/pmi/documents/public/pdf/learning/thought-leadership/pulse/pulse_of_the_profession_2025-1.pdf
B6: Flow: Product and Delivery Overhead Reduction | C6: =0.5%*Expenses!$E$9 -> 25140 | D6: =1%*Expenses!$E$9 -> 50280 | E6: 0.5–1% uplift | F6: https://atlassianblog.wpengine.com/wp-content/uploads/2025/03/the-state-of-teams-2025.pdf | G6: https://www.puppet.com/resources/history-of-devops-reports | H6: https://cdn.wrike.com/reports/Impactful-Work-Report.pdf
B7: Flow: Avoided Delays | C7: =0.5%*Expenses!$E$9 -> 25140 | D7: =1%*Expenses!$E$9 -> 50280 | E7: 0.5–1% uplift | F7: https://services.google.com/fh/files/misc/2024_final_dora_report.pdf | G7: https://s204.q4cdn.com/984476563/files/doc_news/2024/06/2024secdev.pdf
B8: AI: Engineering Productivity | C8: =8%*Expenses!$E$9 -> 402240 | D8: =12%*Expenses!$E$9 -> 603360 | E8: 8–12% uplift | F8: https://www.mckinsey.com/capabilities/tech-and-ai/our-insights/unleashing-developer-productivity-with-generative-ai | G8: https://survey.stackoverflow.co/2024/
B9: AI: Readiness + Refinement | C9: =2%*Expenses!$E$9 -> 100560 | D9: =4%*Expenses!$E$9 -> 201120 | E9: 2–4% uplift | F9: https://www.bcg.com/publications/2025/closing-the-ai-impact-gap | G9: https://www.bain.com/insights/from-pilots-to-payoff-generative-ai-in-software-development-technology-report-2025 | H9: https://atlassianblog.wpengine.com/wp-content/uploads/2025/03/the-state-of-teams-2025.pdf | I9: https://survey.stackoverflow.co/2024/
B10: AI: PMO Automation | C10: =1.8%*Expenses!$E$9 -> 90504 | D10: =2.8%*Expenses!$E$9 -> 140784 | E10: 1.8–2.8% uplift
B11: AI: Risk Forecasting | C11: =1.4%*Expenses!$E$9 -> 70392 | D11: =2.8%*Expenses!$E$9 -> 140784 | E11: 1.4–2.8% uplift | F11: https://services.google.com/fh/files/misc/2024_final_dora_report.pdf | G11: https://www.splunk.com/en_us/pdfs/analyst-reports/the-power-of-predictive-it.pdf
B12: AI: Agent Orchestration | C12: =2.2%*Expenses!$E$9 -> 110616 | D12: =3.8%*Expenses!$E$9 -> 191064 | E12: 2.2–3.8% uplift | F12: https://www.scribd.com/document/927502139/Gartner-Hype-Cycle-for-AI-2024 | G12: https://arxiv.org/pdf/2505.10468
B13: Overlap Adjustment | C13: =-10%*SUM(C4:C12) -> -102571.2 | D13: =-7%*SUM(D4:D12) -> -138672.24 | E13: Avoid double counting (7–10%)
B14: Business Outcomes | C14: =2%*Expenses!E9 -> 100560 | D14: =5%*Expenses!E9 -> 251400 | E14: 2-5% uplift
B15: Flow ROI Total | C15: =SUM(C4:C7) -> 251400 | D15: =SUM(D4:D7) -> 703920
B16: AI ROI Total | C16: =SUM(C8:C12) -> 774312 | D16: =SUM(D8:D12) -> 1277112
B17: Gross ROI (before invest) | C17: =C15+C16+C13 -> 923140.8 | D17: =D15+D16+D13 -> 1842359.8
B18: Total Annual Investment | C18: =Investment!$C$9 -> 30000 | D18: =Investment!$C$9 -> 30000
B19: Net Annual ROI (after annual invest) | C19: =C17-C18+3000 -> 896140.8 | D19: =D17-D18+3000 -> 1815359.8
B20: Total One-time Cost - Consultants | C20: =Investment!$D$9 -> 250000 | D20: =Investment!$D$9 -> 250000
B21: Total One-time Bonus - Tryzens | C21: =10%*C19 -> 89614.08 | D21: =10%*D19 -> 181535.98
B22: Net ROI Year 1 (Consultants) | C22: =C19-C20 -> 646140.8 | D22: =D19-D20 -> 1565359.8
B23: Net ROI Year 1 (Tyzens) | C23: =C19-C21 -> 806526.72 | D23: =D19-D21 -> 1633823.8
B24: Net ROI Year 2 (Consultants) | C24: =C19*(1+5%) -> 940947.84 | D24: =D19*(1+5%) -> 1906127.7
B25: Net ROI Year 3 (Consultants) | C25: =C24*(1+3%) -> 969176.28 | D25: =D24*(1+3%) -> 1963311.6
B26: Payback (months) - Consultants | C26: =IF(C22>0,Investment!$D$9/(C22/12),"") -> 4.6429509 | D26: =IF(D22>0,Investment!D9/(D22/12),"") -> 1.9164923
B27: Payback (months) - Tryzens | C27: =IF(C23>0,Investment!$D$9/(C23/12),"") -> 3.7196536 | D27: =IF(D23>0,Investment!D9/(D23/12),"") -> 1.8361833

Sheet Overview - Consultants
B2: Scenario: | C2: Conservative
B3: Total Engineering Cost ($) | C3: =IF($C$2="Conservative",'ROI Model'!$C$3,IF($C$2="Expected",AVERAGE('ROI Model'!$C$3,'ROI Model'!$D$3),IF($C$2="Aggressive",'ROI Model'!$D$3,""))) -> 5028000
B4: Flow: Cycle Time Reduction | C4: =IF($C$2="Conservative",'ROI Model'!$C$4,IF($C$2="Expected",AVERAGE('ROI Model'!$C$4,'ROI Model'!$D$4),IF($C$2="Aggressive",'ROI Model'!$D$4,""))) -> 150840
B5: Flow: Planning Accuracy | C5: =IF($C$2="Conservative",'ROI Model'!$C$5,IF($C$2="Expected",AVERAGE('ROI Model'!$C$5,'ROI Model'!$D$5),IF($C$2="Aggressive",'ROI Model'!$D$5,""))) -> 50280
B6: Flow: Product and Delivery Overhead Reduction | C6: =IF($C$2="Conservative",'ROI Model'!$C$6,IF($C$2="Expected",AVERAGE('ROI Model'!$C$6,'ROI Model'!$D$6),IF($C$2="Aggressive",'ROI Model'!$D$6,""))) -> 25140
B7: Flow: Avoided Delays | C7: =IF($C$2="Conservative",'ROI Model'!$C$7,IF($C$2="Expected",AVERAGE('ROI Model'!$C$7,'ROI Model'!$D$7),IF($C$2="Aggressive",'ROI Model'!$D$7,""))) -> 25140
B8: Flow ROI ($) | C8: =IF($C$2="Conservative",'ROI Model'!$C$15,IF($C$2="Expected",AVERAGE('ROI Model'!$C$15,'ROI Model'!$D$15),IF($C$2="Aggressive",'ROI Model'!$D$15,""))) -> 251400
B9: AI: Engineering Productivity | C9: =IF($C$2="Conservative",'ROI Model'!$C$8,IF($C$2="Expected",AVERAGE('ROI Model'!$C$8,'ROI Model'!$D$8),IF($C$2="Aggressive",'ROI Model'!$D$8,""))) -> 402240
B10: AI: Readiness + Refinement | C10: =IF($C$2="Conservative",'ROI Model'!$C$9,IF($C$2="Expected",AVERAGE('ROI Model'!$C$9,'ROI Model'!$D$9),IF($C$2="Aggressive",'ROI Model'!$D$9,""))) -> 100560
B11: AI: PMO Automation | C11: =IF($C$2="Conservative",'ROI Model'!$C$10,IF($C$2="Expected",AVERAGE('ROI Model'!$C$10,'ROI Model'!$D$10),IF($C$2="Aggressive",'ROI Model'!$D$10,""))) -> 90504
B12: AI: Risk Forecasting | C12: =IF($C$2="Conservative",'ROI Model'!$C$11,IF($C$2="Expected",AVERAGE('ROI Model'!$C$11,'ROI Model'!$D$11),IF($C$2="Aggressive",'ROI Model'!$D$11,""))) -> 70392
B13: AI: Agent Orchestration | C13: =IF($C$2="Conservative",'ROI Model'!$C$12,IF($C$2="Expected",AVERAGE('ROI Model'!$C$12,'ROI Model'!$D$12),IF($C$2="Aggressive",'ROI Model'!$D$12,""))) -> 110616
B14: AI ROI ($) | C14: =IF($C$2="Conservative",'ROI Model'!$C$16,IF($C$2="Expected",AVERAGE('ROI Model'!$C$16,'ROI Model'!$D$16),IF($C$2="Aggressive",'ROI Model'!$D$16,""))) -> 774312
B15: Overlap ($) | C15: =IF($C$2="Conservative",'ROI Model'!$C$13,IF($C$2="Expected",AVERAGE('ROI Model'!$C$13,'ROI Model'!$D$13),IF($C$2="Aggressive",'ROI Model'!$D$13,""))) -> -102571.2
B16: Gross ROI ($) | C16: =IF($C$2="Conservative",'ROI Model'!$C$17,IF($C$2="Expected",AVERAGE('ROI Model'!$C$17,'ROI Model'!$D$17),IF($C$2="Aggressive",'ROI Model'!$D$17,""))) -> 923140.8
B17: Total Annual Investment | C17: =IF($C$2="Conservative",'ROI Model'!$C$18,IF($C$2="Expected",AVERAGE('ROI Model'!$C$18,'ROI Model'!$D$18),IF($C$2="Aggressive",'ROI Model'!$D$18,""))) -> 30000
B18: Net Annual ROI ($) | C18: =IF($C$2="Conservative",'ROI Model'!$C$19,IF($C$2="Expected",AVERAGE('ROI Model'!$C$19,'ROI Model'!$D$19),IF($C$2="Aggressive",'ROI Model'!$D$19,""))) -> 896140.8
B19: Total One-time Cost - Consultants | C19: =IF($C$2="Conservative",'ROI Model'!$C$20,IF($C$2="Expected",AVERAGE('ROI Model'!$C$20,'ROI Model'!$D$20),IF($C$2="Aggressive",'ROI Model'!$D$20,""))) -> 250000
B20: Net ROI Year1 ($) | C20: =IF($C$2="Conservative",'ROI Model'!$C$22,IF($C$2="Expected",AVERAGE('ROI Model'!$C$22,'ROI Model'!$D$22),IF($C$2="Aggressive",'ROI Model'!$D$22,""))) -> 646140.8
B21: Net ROI Year2 ($) | C21: =IF($C$2="Conservative",'ROI Model'!$C$24,IF($C$2="Expected",AVERAGE('ROI Model'!$C$24,'ROI Model'!$D$24),IF($C$2="Aggressive",'ROI Model'!$D$24,""))) -> 940947.84
B22: Net ROI Year3 ($) | C22: =IF($C$2="Conservative",'ROI Model'!$C$25,IF($C$2="Expected",AVERAGE('ROI Model'!$C$25,'ROI Model'!$D$25),IF($C$2="Aggressive",'ROI Model'!$D$25,""))) -> 969176.28
B23: Payback (months) | C23: =IF($C$2="Conservative",'ROI Model'!$C$26,IF($C$2="Expected",AVERAGE('ROI Model'!$C$26,'ROI Model'!$D$26),IF($C$2="Aggressive",'ROI Model'!$D$26,""))) -> 4.6429509
B24: ROI ratio Year 1 | C24: =IF($C$2="Conservative",'ROI Model'!$C$22/('ROI Model'!$C$18+'ROI Model'!$C$20),IF($C$2="Expected",AVERAGE('ROI Model'!$C$22/('ROI Model'!$C$18+'ROI Model'!$C$20),'ROI Model'!$D$22/('ROI Model'!$D$18+'ROI Model'!$D$20)),IF($C$2="Aggressive",'ROI Model'!$D$22/('ROI Model'!$D$18+'ROI Model'!$D$20),""))) -> 2.3076457
B25: ROI ratio Year 2 | C25: =IF($C$2="Conservative",'ROI Model'!$C$24/'ROI Model'!$C$18,IF($C$2="Expected",AVERAGE('ROI Model'!$C$24/'ROI Model'!$C$18,'ROI Model'!$D$24/'ROI Model'!$D$18),IF($C$2="Aggressive",'ROI Model'!$D$24/'ROI Model'!$D$18,""))) -> 31.364928
B26: ROI ratio Year 3 | C26: =IF($C$2="Conservative",'ROI Model'!$C$25/'ROI Model'!$C$18,IF($C$2="Expected",AVERAGE('ROI Model'!$C$25/'ROI Model'!$C$18,'ROI Model'!$D$25/'ROI Model'!$D$18),IF($C$2="Aggressive",'ROI Model'!$D$25/'ROI Model'!$D$18,""))) -> 32.305876

Sheet Overview - Tryzens
B2: Scenario: | C2: Conservative
B3: Total Engineering Cost ($) | C3: =IF($C$2="Conservative",'ROI Model'!$C$3,IF($C$2="Expected",AVERAGE('ROI Model'!$C$3,'ROI Model'!$D$3),IF($C$2="Aggressive",'ROI Model'!$D$3,""))) -> 5028000
B4: Flow: Cycle Time Reduction | C4: =IF($C$2="Conservative",'ROI Model'!$C$4,IF($C$2="Expected",AVERAGE('ROI Model'!$C$4,'ROI Model'!$D$4),IF($C$2="Aggressive",'ROI Model'!$D$4,""))) -> 150840
B5: Flow: Planning Accuracy | C5: =IF($C$2="Conservative",'ROI Model'!$C$5,IF($C$2="Expected",AVERAGE('ROI Model'!$C$5,'ROI Model'!$D$5),IF($C$2="Aggressive",'ROI Model'!$D$5,""))) -> 50280
B6: Flow: Product and Delivery Overhead Reduction | C6: =IF($C$2="Conservative",'ROI Model'!$C$6,IF($C$2="Expected",AVERAGE('ROI Model'!$C$6,'ROI Model'!$D$6),IF($C$2="Aggressive",'ROI Model'!$D$6,""))) -> 25140
B7: Flow: Avoided Delays | C7: =IF($C$2="Conservative",'ROI Model'!$C$7,IF($C$2="Expected",AVERAGE('ROI Model'!$C$7,'ROI Model'!$D$7),IF($C$2="Aggressive",'ROI Model'!$D$7,""))) -> 25140
B8: Flow ROI ($) | C8: =IF($C$2="Conservative",'ROI Model'!$C$15,IF($C$2="Expected",AVERAGE('ROI Model'!$C$15,'ROI Model'!$D$15),IF($C$2="Aggressive",'ROI Model'!$D$15,""))) -> 251400
B9: AI: Engineering Productivity | C9: =IF($C$2="Conservative",'ROI Model'!$C$8,IF($C$2="Expected",AVERAGE('ROI Model'!$C$8,'ROI Model'!$D$8),IF($C$2="Aggressive",'ROI Model'!$D$8,""))) -> 402240
B10: AI: Readiness + Refinement | C10: =IF($C$2="Conservative",'ROI Model'!$C$9,IF($C$2="Expected",AVERAGE('ROI Model'!$C$9,'ROI Model'!$D$9),IF($C$2="Aggressive",'ROI Model'!$D$9,""))) -> 100560
B11: AI: PMO Automation | C11: =IF($C$2="Conservative",'ROI Model'!$C$10,IF($C$2="Expected",AVERAGE('ROI Model'!$C$10,'ROI Model'!$D$10),IF($C$2="Aggressive",'ROI Model'!$D$10,""))) -> 90504
B12: AI: Risk Forecasting | C12: =IF($C$2="Conservative",'ROI Model'!$C$11,IF($C$2="Expected",AVERAGE('ROI Model'!$C$11,'ROI Model'!$D$11),IF($C$2="Aggressive",'ROI Model'!$D$11,""))) -> 70392
B13: AI: Agent Orchestration | C13: =IF($C$2="Conservative",'ROI Model'!$C$12,IF($C$2="Expected",AVERAGE('ROI Model'!$C$12,'ROI Model'!$D$12),IF($C$2="Aggressive",'ROI Model'!$D$12,""))) -> 110616
B14: AI ROI ($) | C14: =IF($C$2="Conservative",'ROI Model'!$C$16,IF($C$2="Expected",AVERAGE('ROI Model'!$C$16,'ROI Model'!$D$16),IF($C$2="Aggressive",'ROI Model'!$D$16,""))) -> 774312
B15: Overlap ($) | C15: =IF($C$2="Conservative",'ROI Model'!$C$13,IF($C$2="Expected",AVERAGE('ROI Model'!$C$13,'ROI Model'!$D$13),IF($C$2="Aggressive",'ROI Model'!$D$13,""))) -> -102571.2
B16: Gross ROI ($) | C16: =IF($C$2="Conservative",'ROI Model'!$C$17,IF($C$2="Expected",AVERAGE('ROI Model'!$C$17,'ROI Model'!$D$17),IF($C$2="Aggressive",'ROI Model'!$D$17,""))) -> 923140.8
B17: Total Annual Investment | C17: =IF($C$2="Conservative",'ROI Model'!$C$18,IF($C$2="Expected",AVERAGE('ROI Model'!$C$18,'ROI Model'!$D$18),IF($C$2="Aggressive",'ROI Model'!$D$18,""))) -> 30000
B18: Net Annual ROI ($) | C18: =IF($C$2="Conservative",'ROI Model'!$C$19,IF($C$2="Expected",AVERAGE('ROI Model'!$C$19,'ROI Model'!$D$19),IF($C$2="Aggressive",'ROI Model'!$D$19,""))) -> 896140.8
B19: Total One-time Bonus - Tryzens | C19: =IF($C$2="Conservative",'ROI Model'!$C$21,IF($C$2="Expected",AVERAGE('ROI Model'!$C$21,'ROI Model'!$D$21),IF($C$2="Aggressive",'ROI Model'!$D$21,""))) -> 89614.08
B20: Net ROI Year1 ($) | C20: =IF($C$2="Conservative",'ROI Model'!$C$23,IF($C$2="Expected",AVERAGE('ROI Model'!$C$23,'ROI Model'!$D$23),IF($C$2="Aggressive",'ROI Model'!$D$23,""))) -> 806526.72
B21: Net ROI Year2 ($) | C21: =IF($C$2="Conservative",'ROI Model'!$C$24,IF($C$2="Expected",AVERAGE('ROI Model'!$C$24,'ROI Model'!$D$24),IF($C$2="Aggressive",'ROI Model'!$D$24,""))) -> 940947.84
B22: Net ROI Year3 ($) | C22: =IF($C$2="Conservative",'ROI Model'!$C$25,IF($C$2="Expected",AVERAGE('ROI Model'!$C$25,'ROI Model'!$D$25),IF($C$2="Aggressive",'ROI Model'!$D$25,""))) -> 969176.28
B23: Payback (months) | C23: =IF($C$2="Conservative",'ROI Model'!$C$27,IF($C$2="Expected",AVERAGE('ROI Model'!$C$27,'ROI Model'!$D$27),IF($C$2="Aggressive",'ROI Model'!$D$27,""))) -> 3.7196536
B24: ROI ratio Year 1 | C24: =IF($C$2="Conservative",'ROI Model'!$C$22/('ROI Model'!$C$18+'ROI Model'!$C$21),IF($C$2="Expected",AVERAGE('ROI Model'!$C$22/('ROI Model'!$C$18+'ROI Model'!$C$21),'ROI Model'!$D$22/('ROI Model'!$D$18+'ROI Model'!$D$21)),IF($C$2="Aggressive",'ROI Model'!$D$22/('ROI Model'!$D$18+'ROI Model'!$D$21),""))) -> 5.4018791
B25: ROI ratio Year 2 | C25: =IF($C$2="Conservative",'ROI Model'!$C$24/'ROI Model'!$C$18,IF($C$2="Expected",AVERAGE('ROI Model'!$C$24/'ROI Model'!$C$18,'ROI Model'!$D$24/'ROI Model'!$D$18),IF($C$2="Aggressive",'ROI Model'!$D$24/'ROI Model'!$D$18,""))) -> 31.364928
B26: ROI ratio Year 3 | C26: =IF($C$2="Conservative",'ROI Model'!$C$25/'ROI Model'!$C$18,IF($C$2="Expected",AVERAGE('ROI Model'!$C$25/'ROI Model'!$C$18,'ROI Model'!$D$25/'ROI Model'!$D$18),IF($C$2="Aggressive",'ROI Model'!$D$25/'ROI Model'!$D$18,""))) -> 32.305876
